Date,Price
2014/1/2,1601.514227
2014/1/3,1604.975713
2014/1/6,1540.361306
2014/1/7,1542.668964
2014/1/8,1517.284732
2014/1/9,1536.89982
2014/1/10,1544.976621
2014/1/13,1538.053649
2014/1/14,1564.591709
2014/1/15,1551.899593
2014/1/17,1503.438788
2014/1/20,1516.130904
2014/1/21,1502.284959
2014/1/22,1503.438788
2014/1/23,1512.669418
2014/1/24,1517.284732
2014/1/27,1504.592617
2014/1/28,1474.593071
2014/1/29,1509.207931
2014/1/30,1495.361987
2014/2/7,1502.284959
2014/2/10,1514.977075
2014/2/11,1512.669418
2014/2/12,1504.592617
2014/2/13,1506.900274
2014/2/14,1509.207931
2014/2/17,1534.592163
2014/2/18,1509.207931
2014/2/19,1489.592844
2014/2/20,1494.208158
2014/2/21,1495.361987
2014/2/24,1489.592844
2014/2/25,1481.516043
2014/2/26,1480.362214
2014/2/27,1446.901182
2014/2/28,1430.74758
2014/3/3,1430.74758
2014/3/4,1439.97821
2014/3/5,1449.208839
2014/3/6,1442.285867
2014/3/10,1436.516724
2014/3/11,1471.131585
2014/3/12,1494.208158
2014/3/14,1465.362441
2014/3/17,1436.516724
2014/3/18,1454.977983
2014/3/19,1459.593298
2014/3/20,1454.977983
2014/3/21,1482.669872
2014/3/24,1484.977529
2014/3/25,1472.285413
2014/3/26,1487.285186
2014/3/27,1498.823473
2014/3/28,1519.59239
2014/3/31,1544.976621
2014/4/1,1536.89982
2014/4/2,1524.207704
2014/4/3,1550.745764
2014/4/4,1518.438561
2014/4/8,1525.361533
2014/4/9,1556.514908
2014/4/10,1559.976394
2014/4/11,1532.284505
2014/4/14,1528.823019
2014/4/15,1468.823927
2014/4/16,1450.362668
2014/4/17,1471.131585
2014/4/18,1458.439469
2014/4/21,1469.977756
2014/4/22,1466.51627
2014/4/23,1463.054784
2014/4/24,1465.362441
2014/4/25,1466.51627
2014/4/28,1463.054784
2014/4/29,1451.516497
2014/4/30,1449.208839
2014/5/1,1459.593298
2014/5/5,1468.823927
2014/5/6,1461.900955
2014/5/7,1457.28564
2014/5/8,1450.362668
2014/5/9,1427.286094
2014/5/12,1441.132039
2014/5/13,1423.824608
2014/5/14,1418.055465
2014/5/15,1411.132492
2014/5/16,1386.90209
2014/5/19,1381.132946
2014/5/20,1374.209974
2014/5/21,1364.979345
2014/5/22,1363.825516
2014/5/23,1373.056146
2014/5/26,1383.440604
2014/5/27,1375.363803
2014/5/28,1368.440831
2014/5/29,1359.210201
2014/5/30,1358.056373
2014/6/3,1366.133173
2014/6/4,1352.287229
2014/6/5,1364.979345
2014/6/6,1370.748488
2014/6/9,1363.825516
2014/6/10,1375.363803
2014/6/11,1369.59466
2014/6/12,1373.056146
2014/6/13,1366.133173
2014/6/16,1359.210201
2014/6/17,1373.056146
2014/6/18,1366.133173
2014/6/19,1361.517859
2014/6/20,1377.67146
2014/6/23,1375.363803
2014/6/24,1377.67146
2014/6/25,1385.748261
2014/6/26,1403.055692
2014/6/27,1396.132719
2014/6/30,1382.286775
2014/7/1,1374.209974
2014/7/2,1382.286775
2014/7/3,1384.594433
2014/7/4,1373.056146
2014/7/7,1373.056146
2014/7/8,1371.902317
2014/7/9,1363.825516
2014/7/10,1377.67146
2014/7/11,1396.132719
2014/7/14,1391.517405
2014/7/15,1392.671233
2014/7/16,1413.44015
2014/7/17,1419.209293
2014/7/18,1401.901863
2014/7/21,1420.363122
2014/7/22,1415.747807
2014/7/23,1415.747807
2014/7/24,1423.824608
2014/7/25,1428.439923
2014/7/28,1436.516724
2014/7/29,1428.439923
2014/7/30,1423.824608
2014/7/31,1454.977983
2014/8/1,1450.362668
2014/8/4,1464.208612
2014/8/5,1468.823927
2014/8/6,1464.208612
2014/8/7,1472.285413
2014/8/8,1484.977529
2014/8/11,1499.977302
2014/8/12,1508.054103
2014/8/13,1509.207931
2014/8/14,1472.285413
2014/8/15,1481.516043
2014/8/18,1476.900728
2014/8/19,1479.208385
2014/8/20,1481.516043
2014/8/21,1476.900728
2014/8/22,1472.285413
2014/8/25,1489.592844
2014/8/26,1510.36176
2014/8/27,1535.745991
2014/8/28,1381.132946
2014/8/29,1369.59466
2014/9/1,1367.287002
2014/9/2,1367.287002
2014/9/3,1362.671687
2014/9/4,1367.287002
2014/9/5,1368.440831
2014/9/9,1393.825062
2014/9/10,1407.671006
2014/9/11,1409.978664
2014/9/12,1418.055465
2014/9/15,1436.516724
2014/9/16,1449.208839
2014/9/17,1446.901182
2014/9/18,1451.516497
2014/9/19,1443.439696
2014/9/22,1419.209293
2014/9/23,1420.363122
2014/9/24,1428.439923
2014/9/25,1411.132492
2014/9/26,1423.824608
2014/9/29,1433.055238
2014/9/30,1442.285867
2014/10/9,1443.439696
2014/10/10,1419.209293
2014/10/13,1438.824381
2014/10/14,1439.97821
2014/10/15,1420.363122
2014/10/16,1420.363122
2014/10/17,1430.74758
2014/10/20,1420.363122
2014/10/21,1421.516951
2014/10/22,1430.74758
2014/10/23,1448.055011
2014/10/24,1454.977983
2014/10/27,1435.362895
2014/10/28,1429.593752
2014/10/29,1443.439696
2014/10/30,1437.670552
2014/10/31,1434.209066
2014/11/3,1435.362895
2014/11/4,1391.517405
2014/11/5,1394.978891
2014/11/6,1400.748034
2014/11/7,1401.901863
2014/11/10,1393.825062
2014/11/11,1400.748034
2014/11/12,1399.594206
2014/11/13,1399.594206
2014/11/14,1429.593752
2014/11/17,1436.516724
2014/11/18,1439.97821
2014/11/19,1437.670552
2014/11/20,1434.209066
2014/11/21,1435.362895
2014/11/24,1457.28564
2014/11/25,1445.747353
2014/11/26,1436.516724
2014/11/27,1424.978437
2014/11/28,1415.747807
2014/12/1,1423.824608
2014/12/2,1436.516724
2014/12/3,1419.209293
2014/12/4,1397.286548
2014/12/5,1411.132492
2014/12/8,1362.671687
2014/12/9,1377.67146
2014/12/10,1429.593752
2014/12/11,1427.286094
2014/12/12,1430.74758
2014/12/15,1436.516724
2014/12/16,1435.362895
2014/12/17,1401.901863
2014/12/18,1371.902317
2014/12/19,1383.440604
2014/12/22,1406.517178
2014/12/23,1393.825062
2014/12/24,1428.439923
2014/12/25,1442.285867
2014/12/26,1452.670325
2014/12/29,1479.208385
2014/12/30,1523.053876
2014/12/31,1408.824835
2015/1/5,1408.824835
2015/1/6,1412.286321
2015/1/7,1414.593979
2015/1/8,1414.593979
2015/1/9,1393.825062
2015/1/12,1396.132719
2015/1/13,1394.978891
2015/1/14,1354.594886
2015/1/15,1368.440831
2015/1/16,1362.671687
2015/1/19,1363.825516
2015/1/20,1355.748715
2015/1/21,1366.133173
2015/1/22,1358.056373
2015/1/23,1366.133173
2015/1/26,1363.825516
2015/1/27,1358.056373
2015/1/28,1364.979345
2015/1/29,1356.902544
2015/1/30,1341.902771
2015/2/2,1339.595113
2015/2/3,1353.441058
2015/2/4,1339.595113
2015/2/5,1340.748942
2015/2/6,1339.595113
2015/2/9,1349.979572
2015/2/10,1356.902544
2015/2/11,1360.36403
2015/2/12,1361.517859
2015/2/13,1386.90209
2015/2/16,1393.825062
2015/2/17,1373.056146
2015/2/25,1031.522852
2015/2/26,1389.209747
2015/2/27,1408.824835
2015/3/2,1428.439923
2015/3/3,1401.901863
2015/3/4,1398.440377
2015/3/5,1394.978891
2015/3/6,1362.671687
2015/3/9,1363.825516
2015/3/10,1355.748715
2015/3/11,1352.287229
2015/3/12,1360.36403
2015/3/13,1343.0566
2015/3/16,1353.441058
2015/3/17,1371.902317
2015/3/18,1381.132946
2015/3/19,1376.517632
2015/3/20,1400.748034
2015/3/23,1413.44015
2015/3/24,1404.20952
2015/3/25,1397.286548
2015/3/26,1403.055692
2015/3/27,1393.825062
2015/3/30,1421.516951
2015/3/31,1407.671006
2015/4/1,1418.055465
2015/4/2,1413.44015
2015/4/3,1353.441058
2015/4/7,1371.902317
2015/4/8,1382.286775
2015/4/9,1351.1334
2015/4/10,1356.902544
2015/4/13,1391.517405
2015/4/14,1416.901636
2015/4/15,1405.363349
2015/4/16,1409.978664
2015/4/17,1445.747353
2015/4/20,1415.747807
2015/4/21,1418.055465
2015/4/22,1441.132039
2015/4/23,1429.593752
2015/4/24,1373.056146
2015/4/27,1363.825516
2015/4/28,1354.594886
2015/4/29,1358.056373
2015/4/30,1406.517178
2015/5/4,1474.593071
2015/5/5,1499.977302
2015/5/6,1569.207024
2015/5/8,1406.517178
2015/5/11,1322.287683
2015/5/13,1108.829375
2015/5/14,1108.829375
2015/5/15,1082.291315
2015/5/18,1118.060004
2015/5/19,1105.367889
2015/5/20,1097.291088
2015/5/21,1100.752574
2015/5/22,1123.829148
2015/5/25,1120.367662
2015/5/26,1118.060004
2015/5/27,1108.829375
2015/5/28,1103.060231
2015/5/29,1131.905949
2015/6/1,1126.136805
2015/6/2,1108.829375
2015/6/3,1118.060004
2015/6/4,1107.675546
2015/6/5,1103.060231
2015/6/8,1106.521717
2015/6/9,1111.137032
2015/6/10,1112.290861
2015/6/11,1109.983203
2015/6/12,1111.137032
2015/6/15,1118.060004
2015/6/16,1116.906176
2015/6/17,1107.675546
2015/6/18,1101.906403
2015/6/19,1105.367889
2015/6/23,1116.906176
2015/6/24,1116.906176
2015/6/25,1111.137032
2015/6/26,1106.521717
2015/6/29,1086.90663
2015/6/30,1058.060912
2015/7/1,1013.061593
2015/7/2,935.7550707
2015/7/3,935.7550707
2015/7/7,1370.748488
2015/7/8,1301.518767
2015/7/9,1347.671914
2015/7/10,1336.133627
2015/7/13,1337.287456
2015/7/14,1037.291996
2015/7/15,1313.057054
2015/7/16,1332.672141
2015/7/20,1332.672141
2015/7/21,1313.057054
2015/7/22,1292.288137
2015/7/23,1300.364938
2015/7/24,1285.365165
2015/7/27,1306.134081
2015/7/28,1289.98048
2015/7/29,1322.287683
2015/7/30,1315.364711
2015/7/31,1292.288137
2015/8/3,1308.441739
2015/8/4,1339.595113
2015/8/5,1333.82597
2015/8/6,1332.672141
2015/8/7,1304.980253
2015/8/10,1318.826197
2015/8/11,1339.595113
2015/8/12,1362.671687
2015/8/13,1390.363576
2015/8/14,1309.595567
2015/8/17,1309.595567
2015/8/18,1314.210882
2015/8/19,1285.365165
2015/8/20,1280.74985
2015/8/21,1343.0566
2015/8/24,1330.364484
2015/8/25,1264.596248
2015/8/26,1281.903679
2015/8/27,1257.673276
2015/8/28,1274.980707
2015/8/31,1300.364938
2015/9/1,1337.287456
2015/9/2,1306.134081
2015/9/3,1306.134081
2015/9/7,1697.282009
2015/9/8,1314.210882
2015/9/9,1295.749623
2015/9/10,1296.903452
2015/9/11,1308.441739
2015/9/15,1407.671006
2015/9/16,1394.978891
2015/9/17,1383.440604
2015/9/18,1406.517178
2015/9/21,1416.901636
2015/9/22,1383.440604
2015/9/23,1366.133173
2015/9/24,1371.902317
2015/9/25,1384.594433
2015/9/28,1367.287002
2015/9/29,1383.440604
2015/9/30,1375.363803
2015/10/1,1377.67146
2015/10/9,1401.901863
2015/10/12,1407.671006
2015/10/13,1420.363122
2015/10/14,1401.901863
2015/10/15,1403.055692
2015/10/16,1384.594433
2015/10/19,1376.517632
2015/10/20,1407.671006
2015/10/21,1354.594886
2015/10/22,1378.825289
2015/10/23,1376.517632
2015/10/26,1418.055465
2015/10/27,1418.055465
2015/10/30,1390.363576
2015/11/2,1397.286548
2015/11/3,1400.748034
2015/11/4,1397.286548
2015/11/9,1403.055692
2015/11/10,1379.979118
2015/11/12,1373.056146
2015/11/18,1411.132492
2015/11/19,1386.90209
2015/11/24,1373.056146
2015/11/25,1408.824835
2015/11/26,1411.132492
2015/11/27,1384.594433
2015/11/30,1369.59466
2015/12/1,1364.979345
2015/12/2,1374.209974
2015/12/3,1341.902771
2015/12/4,1360.36403
2015/12/7,1354.594886
2015/12/8,1367.287002
2015/12/9,1378.825289
2015/12/11,1338.441285
2015/12/17,1382.286775
2015/12/18,1413.44015
2015/12/21,1366.133173
2015/12/22,1299.211109
2015/12/24,1142.290407
2015/12/25,1259.980934
2015/12/28,1223.058415
2015/12/29,1254.21179
2015/12/30,1307.28791
2015/12/31,1205.750985
2016/1/4,1205.750985
2016/1/5,1130.75212
2016/1/6,1197.674184
2016/1/8,1197.674184
2016/1/11,1126.136805
2016/1/12,1059.214741
2016/1/13,1097.291088
2016/1/14,1097.291088
2016/1/15,1128.444463
2016/1/19,1052.291769
2016/1/20,1053.445597
2016/1/21,1069.599199
2016/1/22,1067.291542
2016/1/25,1063.830056
2016/1/26,1032.676681
2016/1/28,1078.829829
2016/1/29,1062.676227
2016/2/2,1092.675773
2016/2/3,1092.675773
2016/2/4,1092.675773
2016/2/15,988.8311906
2016/2/16,970.3699315
2016/2/17,994.600334
2016/2/18,1031.522852
2016/2/19,999.2156488
2016/2/22,1040.753482
2016/2/23,1022.292223
2016/2/24,1052.291769
2016/2/25,1038.445824
2016/2/26,1036.138167
2016/2/29,1038.445824
2016/3/1,940.3703854
2016/3/2,940.3703854
2016/3/3,940.3703854
2016/3/7,940.3703854
2016/3/8,940.3703854
2016/3/9,940.3703854
2016/3/10,995.7541627
2016/3/11,995.7541627
2016/3/14,940.3703854
2016/3/15,938.062728
2016/3/25,1472.285413
2016/3/28,1542.668964
2016/3/29,1407.671006
2016/3/30,1407.671006
2016/3/31,1407.671006
2016/4/1,1491.900501
2016/4/5,1573.822338
2016/4/6,1699.589666
2016/4/8,1903.817345
2016/4/11,1903.817345
2016/4/12,1903.817345
2016/4/13,1903.817345
2016/4/14,1903.817345
2016/4/15,1153.828694
2016/4/18,1153.828694
2016/4/19,1153.828694
2016/4/20,1153.828694
2016/4/21,1153.828694
2016/4/22,1153.828694
2016/4/25,1153.828694
2016/4/26,1153.828694
2016/4/27,1153.828694
2016/4/29,1210.3663
2016/5/3,1210.3663
2016/5/4,1210.3663
2016/5/5,1210.3663
2016/5/6,1210.3663
2016/5/9,1210.3663
2016/5/10,1210.3663
2016/5/11,1210.3663
2016/5/12,1210.3663
2016/5/13,1210.3663
2016/5/16,1210.3663
2016/5/17,1210.3663
2016/5/18,1210.3663
2016/5/19,1210.3663
2016/5/20,1210.3663
2016/5/23,1210.3663
2016/5/24,1210.3663
2016/5/26,1153.828694
2016/5/27,1210.3663
2016/5/30,1210.3663
2016/6/30,1214.981615
2016/7/1,1214.981615
2016/7/4,1214.981615
2016/7/5,1154.982522
2016/7/6,1154.982522
2016/7/7,1154.982522
2016/7/8,1212.673957
2016/7/11,1285.365165
2016/7/12,1388.055919
2016/7/13,1373.056146
2016/7/14,1373.056146
2016/7/15,1441.132039
2016/7/18,1450.362668
2016/7/19,1450.362668
2016/7/20,1456.131812
2016/7/21,1527.669191
2016/7/22,1546.13045
2016/7/25,1653.436518
2016/7/26,1572.66851
2016/7/27,1572.66851
2016/7/28,1572.66851
2016/7/29,1572.66851
2016/8/1,1651.128861
2016/8/2,1651.128861
2016/8/3,1651.128861
2016/8/4,1570.360852
2016/8/5,1651.128861
2016/8/8,1592.283597
2016/8/9,1671.897777
2016/8/10,1671.897777
2016/8/11,1671.897777
2016/8/12,1671.897777
2016/8/15,1671.897777
2016/8/16,1592.283597
2016/8/18,1212.673957
2016/8/22,1212.673957
2016/8/23,1588.822111
2016/8/24,1683.436064
2016/8/25,1730.743041
2016/8/26,1709.974124
2016/8/29,1704.204981
2016/8/30,1759.588758
2016/8/31,1847.279739
2016/9/1,1306.134081
2016/9/2,1306.134081
2016/9/5,1306.134081
2016/9/6,1306.134081
2016/9/7,1847.279739
2016/9/8,1847.279739
2016/9/9,1847.279739
2016/9/12,1847.279739
2016/9/13,1847.279739
2016/9/14,1847.279739
2016/10/26,1085.752801
2016/10/27,1139.982749
2016/11/9,1015.369251
2016/11/10,1015.369251
2016/11/18,1130.75212
2016/11/21,1243.827332
2016/11/22,1367.287002
2016/11/23,1424.978437
2016/11/24,1468.823927
2016/11/25,1427.286094
2016/11/28,1469.977756
2016/11/29,1471.131585
2016/11/30,1434.209066
2016/12/1,1473.439242
2016/12/2,1458.439469
2016/12/7,1498.823473
2016/12/8,1533.438334
2016/12/9,1519.59239
2016/12/12,1524.207704
2016/12/13,1518.438561
2016/12/14,1488.439015
2016/12/15,1542.668964
2016/12/16,1546.13045
2016/12/19,1514.977075
2016/12/20,1521.900047
2016/12/22,1255.365619
2016/12/26,1523.053876
2016/12/27,1503.438788
2016/12/28,1460.747126
2016/12/29,1502.284959
2016/12/30,1494.208158
2017/1/2,0
2017/1/3,1494.208158
2017/1/4,1488.439015
2017/1/5,1475.746899
2017/1/6,1475.746899
2017/1/9,1476.900728
2017/1/10,1550.745764
2017/1/12,1842.664424
2017/1/13,1842.664424
2017/1/17,1503.438788
2017/1/18,1577.283824
2017/1/19,1526.515362
2017/1/20,1614.206343
2017/1/23,1656.898004
2017/1/24,1728.435383
2017/2/3,1776.896188
2017/2/8,1812.664878
2017/2/9,1741.127499
2017/2/10,1671.897777
2017/2/13,1736.512184
2017/2/15,1721.512411
2017/2/16,1718.050925
2017/2/17,1669.59012
2017/2/20,1697.282009
2017/2/21,1641.898231
2017/2/22,1660.35949
2017/2/24,1661.513319
2017/2/27,1688.051379
2017/3/2,1668.436291
2017/3/3,1668.436291
2017/3/8,1616.514
2017/3/10,1945.355178
2017/3/13,1655.744176
2017/3/14,1686.89755
2017/3/15,1694.974351
2017/3/16,1660.35949
2017/3/20,1700.743495
2017/3/21,1706.512638
2017/3/23,1709.974124
2017/3/27,1703.051152
2017/3/28,1696.12818
2017/3/30,1721.512411
2017/4/5,1752.665786
2017/4/6,1692.666694
2017/4/7,1715.743268
2017/4/10,1726.127726
2017/4/12,1728.435383
2017/4/14,1716.897096
2017/4/17,1708.820295
2017/4/21,1707.666467
2017/4/25,1713.43561
2017/4/27,1713.43561
2017/4/28,1707.666467
2017/5/2,1706.512638
2017/5/4,1698.435837
2017/5/5,1692.666694
2017/5/8,1716.897096
2017/5/9,1756.127272
2017/5/10,1756.127272
2017/5/18,1780.357674
2017/5/19,1678.820749
2017/5/22,1739.97367
2017/5/23,1739.97367
2017/5/24,1741.127499
2017/5/25,1746.896642
2017/5/26,1746.896642
2017/6/2,1765.357901
2017/6/16,1708.820295
2017/6/19,1775.74236
2017/6/20,1757.281101
2017/6/21,1765.357901
2017/6/22,1753.819615
2017/6/23,1753.819615
2017/6/26,1787.280647
2017/6/27,1791.895961
2017/6/28,1811.511049
2017/6/29,1811.511049
2017/6/30,1811.511049
2017/7/4,1818.434021
2017/7/5,1827.664651
2017/7/6,1827.664651
2017/7/7,1827.664651
2017/7/10,1784.972989
2017/7/11,1712.281782
2017/7/12,1742.281328
2017/7/13,1743.435156
2017/7/14,1696.12818
2017/7/17,1712.281782
2017/7/18,1708.820295
2017/7/19,1715.743268
2017/7/20,1704.204981
2017/7/21,1678.820749
2017/7/24,1690.359036
2017/7/25,1693.820522
2017/7/26,1700.743495
2017/7/27,1721.512411
2017/7/28,1721.512411
2017/7/31,1730.743041
2017/8/1,1708.820295
2017/8/2,1711.127953
2017/8/3,1706.512638
2017/8/4,1704.204981
2017/8/7,1720.358582
2017/8/8,1722.66624
2017/8/9,1722.66624
2017/8/10,1708.820295
2017/8/11,1699.589666
2017/8/14,1699.589666
2017/8/15,1708.820295
2017/8/16,1707.666467
2017/8/17,1679.974578
2017/8/18,1726.127726
2017/8/21,1750.358128
2017/8/22,1738.819842
2017/8/23,1736.512184
2017/8/24,1764.204073
2017/8/25,1738.819842
2017/8/30,1728.435383
2017/8/31,1675.359263
2017/9/1,1679.974578
2017/9/4,1730.743041
2017/9/5,1730.743041
2017/9/6,1730.743041
2017/9/7,1730.743041
2017/9/8,1730.743041
2017/9/13,1698.435837
2017/9/14,1698.435837
2017/9/15,1698.435837
2017/9/26,1707.666467
2017/9/27,1790.742133
2017/9/28,1774.588531
2017/9/29,1833.433794
2017/10/2,1948.816664
2017/10/9,1948.816664
2017/10/10,1773.434702
2017/10/11,1773.434702
2017/10/12,1818.434021
2017/10/13,1919.970946
2017/10/16,1919.970946
2017/10/17,1963.816437
2017/10/18,1974.200895
2017/10/19,1961.508779
2017/10/20,2001.892784
2017/10/26,1951.124321
2017/10/27,1983.431525
2017/10/30,2000.738955
2017/11/14,2072.276334
2017/11/15,2091.891422
2017/11/16,2103.429709
2017/11/17,2082.660792
2017/11/20,2094.199079
2017/11/21,2068.814848
2017/11/22,2117.275653
2017/11/23,2117.275653
2017/11/24,2099.968223
2017/11/27,2133.429255
2017/11/28,2111.50651
2017/11/29,2140.352227
2017/12/1,2120.737139
2017/12/4,2196.889833
2017/12/18,2169.197944
2017/12/25,2199.19749
2017/12/26,2308.811216
2017/12/27,2281.119328
2017/12/28,2323.810989
2017/12/29,2439.193859
2018/1/2,2533.807812
2018/1/4,2519.961867
2018/1/9,2380.348595
2018/1/12,2174.967088
2018/1/15,2031.89233
2018/1/31,2891.494707
2018/2/7,2337.656934
2018/5/9,2109.198852
2018/5/10,2109.198852
2018/5/11,2109.198852
2018/7/13,2030.738501
2018/7/18,1940.739863
2018/7/19,2116.121824
2018/7/20,2064.199533
2018/7/23,2210.735777
2018/7/24,2283.426985
2018/7/25,2324.964818
2018/7/26,2307.657388
2018/7/27,2353.810535
2018/7/30,2308.811216
2018/7/31,2290.349957
2018/8/1,2526.884839
2018/8/2,2067.661019
2018/8/3,2067.661019
2018/8/24,2209.581949
2018/8/27,2288.0423
2018/8/28,2345.733734
2018/8/29,2301.888244
2018/8/30,2296.119101
2018/8/31,2365.348822
2018/9/3,2433.424715
2018/9/4,2256.888925
2018/9/5,2256.888925
2018/9/6,2351.502878
2018/9/7,2472.654891
2018/9/10,2556.884385
2018/9/11,2489.962321
2018/9/12,2582.268617
2018/9/13,2608.806677
2018/9/14,2560.345871
2018/9/17,2568.422672
2018/9/18,2540.730784
2018/9/19,2561.4997
2018/9/20,2569.576501
2018/9/21,2515.346552
2018/9/25,2623.80645
2018/9/26,2680.344056
2018/9/27,2663.036625
2018/9/28,2780.727152
2018/10/8,2963.032086
2018/10/9,3191.490167
2018/10/10,3509.946886
2018/10/12,2657.267482
2018/10/15,2521.115696
2018/10/16,2311.118874
2018/10/17,2165.736458
2018/10/18,2228.043208
2018/10/19,2226.889379
2018/10/22,2251.119782
2018/10/23,2225.73555
2018/10/24,2211.889606
2018/10/25,2306.503559
2018/10/26,2261.50424
2018/10/29,2352.656707
2018/10/30,2389.579225
2018/10/31,2389.579225
2018/11/1,2410.348141
2018/11/2,2343.426077
2018/11/5,2328.426304
2018/11/6,2334.195448
2018/11/7,2336.503105
2018/11/8,2286.888471
2018/11/9,2351.502878
2018/11/12,2184.197717
2018/11/13,2024.969358
2018/11/14,2024.969358
2018/11/15,1878.433113
2018/11/16,1841.510595
2018/11/19,1760.742587
2018/11/20,1708.820295
2018/11/21,1626.898458
2018/11/22,1524.207704
2018/11/23,1473.439242
2018/11/26,1521.900047
2018/11/27,1587.668283
2018/11/28,1700.743495
2018/11/29,1556.514908
2018/11/30,1737.666013
2018/12/3,1825.356994
2018/12/4,2006.508098
2018/12/5,2022.6617
2018/12/6,1990.354497
2018/12/7,2076.891649
2018/12/10,2057.276561
2018/12/11,1966.124094
2018/12/12,2046.892103
2018/12/13,2043.430617
2018/12/14,2042.276788
2018/12/17,2148.429028
2018/12/18,2154.198171
2018/12/19,2143.813713
2018/12/20,2164.58263
2018/12/21,2211.889606
2018/12/24,2243.042981
2018/12/25,2327.272475
2018/12/26,2463.424261
2018/12/27,2336.503105
2018/12/28,1706.512638
2019/1/2,1768.819388
2019/1/3,1857.664197
2019/1/4,1705.358809
2019/1/7,1708.820295
2019/1/8,1701.897323
2019/1/9,1699.589666
2019/1/10,1626.898458
2019/1/11,1601.514227
2019/1/14,1584.206797
2019/1/15,1546.13045
2019/1/16,1593.437426
2019/1/17,1602.668056
2019/1/18,1571.514681
2019/1/21,1615.360171
2019/1/22,1613.052514
2019/1/23,1550.745764
2019/1/24,1506.900274
2019/1/25,1521.900047
2019/1/28,1476.900728
2019/1/29,1484.977529
2019/1/30,1457.28564
2019/1/31,1424.978437
2019/2/1,1430.74758
2019/2/11,1416.901636
2019/2/12,1434.209066
2019/2/13,1503.438788
2019/2/14,1501.131131
2019/2/15,1452.670325
2019/2/18,1433.055238
2019/2/19,1435.362895
2019/2/20,1435.362895
2019/2/21,1464.208612
2019/2/22,1454.977983
2019/2/25,1405.363349
2019/2/26,1370.748488
2019/2/27,1288.826651
2019/2/28,1250.750304
2019/3/1,1171.136124
2019/3/4,1054.599426
2019/3/5,983.0620471
2019/3/6,1568.053195
2019/3/7,1593.437426
2019/3/8,1577.283824
2019/3/11,1508.054103
2019/3/12,1481.516043
2019/3/13,1464.208612
2019/3/14,1451.516497
2019/3/15,1449.208839
2019/3/18,1383.440604
2019/3/19,1504.592617
2019/3/20,1568.053195
2019/3/21,1697.282009
2019/3/22,1719.204754
2019/3/25,1796.511276
2019/3/26,1744.588985
2019/3/27,1701.897323
2019/3/28,1578.437653
2019/3/29,1543.822792
2019/4/1,1563.43788
2019/4/2,1585.360625
2019/4/3,1548.438107
2019/4/4,1524.207704
2019/4/8,1539.207477
2019/4/9,1531.130677
2019/4/10,1514.977075
2019/4/11,1559.976394
2019/4/12,1528.823019
2019/4/15,1534.592163
2019/4/16,1524.207704
2019/4/17,1464.208612
2019/4/18,1494.208158
2019/4/19,1433.055238
2019/4/22,1452.670325
2019/4/23,1456.131812
2019/4/24,1439.97821
2019/4/25,1420.363122
2019/4/26,1398.440377
2019/4/29,1428.439923
2019/4/30,1403.055692
2019/5/6,1398.440377
2019/5/7,1424.978437
2019/5/8,1451.516497
2019/5/9,1428.439923
2019/5/10,1441.132039
2019/5/13,1371.902317
2019/5/14,1367.287002
2019/5/15,1385.748261
2019/5/16,1358.056373
2019/5/17,1341.902771
2019/5/20,1319.980026
2019/5/21,1325.749169
2019/5/22,1281.903679
2019/5/23,1262.288591
2019/5/24,1299.211109
2019/5/27,1349.979572
2019/5/28,1338.441285
2019/5/29,1338.441285
2019/5/30,1337.287456
2019/5/31,1316.51854
2019/6/3,1289.98048
2019/6/4,1287.672822
2019/6/5,1284.211336
2019/6/6,1253.057961
2019/6/10,1241.519675
2019/6/11,1246.134989
2019/6/12,1302.672595
2019/6/13,1358.056373
2019/6/14,1288.826651
2019/6/17,1338.441285
2019/6/18,1303.826424
2019/6/19,1299.211109
2019/6/20,1255.365619
2019/6/21,1249.596475
2019/6/24,1255.365619
2019/6/25,1234.596702
2019/6/26,1218.443101
2019/6/27,1227.67373
2019/6/28,1156.136351
2019/7/1,1091.521944
2019/7/2,1487.285186
2019/7/3,1568.053195
2019/7/4,1533.438334
2019/7/5,1559.976394
2019/7/8,1580.74531
2019/7/9,1562.284051
2019/7/10,1506.900274
2019/7/11,1514.977075
2019/7/12,1510.36176
2019/7/15,1562.284051
2019/7/16,1514.977075
2019/7/17,1509.207931
2019/7/18,1496.515816
2019/7/19,1501.131131
2019/7/22,1467.670098
2019/7/23,1483.8237
2019/7/24,1452.670325
2019/7/25,1435.362895
2019/7/26,1421.516951
2019/7/29,1442.285867
2019/7/30,1490.746672
2019/7/31,1501.131131
2019/8/1,1476.900728
2019/8/2,1461.900955
2019/8/5,1514.977075
2019/8/6,1476.900728
2019/8/7,1509.207931
2019/8/8,1498.823473
2019/8/9,1490.746672
2019/8/12,1489.592844
2019/8/13,1473.439242
2019/8/14,1472.285413
2019/8/15,1466.51627
2019/8/16,1464.208612
2019/8/19,1459.593298
2019/8/20,1478.054557
2019/8/21,1457.28564
2019/8/22,1442.285867
2019/8/23,1386.90209
2019/8/26,1352.287229
2019/8/27,1331.518313
2019/8/28,1343.0566
2019/8/29,1292.288137
2019/8/30,1292.288137
2019/9/2,1356.902544
2019/9/3,1426.132266
2019/9/4,1519.59239
2019/9/5,1523.053876
2019/9/6,1501.131131
2019/9/9,1505.746445
2019/9/10,1501.131131
2019/9/11,1494.208158
2019/9/12,1490.746672
2019/9/16,1497.669645
2019/9/17,1491.900501
2019/9/18,1464.208612
2019/9/19,1437.670552
2019/9/20,1430.74758
2019/9/23,1465.362441
2019/9/24,1427.286094
2019/9/25,1411.132492
2019/9/26,1488.439015
2019/9/27,1557.668737
2019/9/30,1468.823927
2019/10/8,1538.053649
2019/10/9,1514.977075
2019/10/10,1609.591028
2019/10/11,1601.514227
2019/10/14,1529.976848
2019/10/15,1487.285186
2019/10/16,1505.746445
2019/10/17,1479.208385
2019/10/18,1456.131812
2019/10/21,1486.131358
2019/10/22,1493.05433
2019/10/23,1534.592163
2019/10/24,1594.591255
2019/10/25,1689.205208
2019/10/28,1799.972762
2019/10/29,1809.203392
2019/10/30,1889.9714
2019/10/31,2007.661927
2019/11/1,2157.659657
2019/11/4,2196.889833
2019/11/5,2406.886655
2019/11/7,2399.963683
2019/11/8,2406.886655
2019/11/11,2533.807812
2019/11/12,2373.425623
2019/11/13,2203.812805
2019/11/14,1961.508779
2019/11/15,2232.658522
2019/11/18,2067.661019
2019/11/19,2067.661019
2019/11/20,2067.661019
2019/11/21,2067.661019
2019/11/22,2067.661019
2019/11/25,2067.661019
2019/11/26,2067.661019
2019/11/27,2067.661019
2019/11/28,2067.661019
2019/11/29,2067.661019
2019/12/2,2065.353362
2019/12/3,1409.5
2019/12/4,1371
2019/12/5,1434.5
2019/12/6,1452
2019/12/9,1498
2019/12/10,1535.5
2019/12/11,1498.5
2019/12/12,1534.5
2019/12/13,1521
2019/12/16,1478
2019/12/17,1480
2019/12/18,1462.5
2019/12/19,1471.5
2019/12/20,1504.5
2019/12/23,1494
2019/12/24,1484
2019/12/25,1502.5
2019/12/26,1496.5
2019/12/27,1456
2019/12/30,1439.5
2019/12/31,1440
2020/1/2,1458
2020/1/3,1453.5
2020/1/6,1437
2020/1/7,1451
2020/1/8,1466
2020/1/9,1440.5
2020/1/10,1450.5
2020/1/13,1458
2020/1/14,1448.5
2020/1/15,1475
2020/1/16,1476
2020/1/17,1438
2020/1/20,1437
2020/1/21,1405
2020/1/22,1401
2020/1/23,1407.5
2020/2/3,1365
2020/2/4,1377
2020/2/5,1380.5
2020/2/6,1388.5
2020/2/7,1385
2020/2/10,1385
2020/2/11,1403
2020/2/12,1376
2020/2/13,1365
2020/2/14,1377
2020/2/17,1382
2020/2/18,1378
2020/2/19,1377
2020/2/20,1396
2020/2/21,1412.5
2020/2/24,1400.5
2020/2/25,1404.5
2020/2/26,1375.5
2020/2/27,1362.5
2020/2/28,1322.5
2020/3/2,1332.5
2020/3/3,1337
2020/3/4,1341.5
2020/3/5,1339.5
2020/3/6,1333
2020/3/9,1324.5
2020/3/10,1334.5
2020/3/11,1361.5
2020/3/12,1341.5
2020/3/13,1344
2020/3/16,1336
2020/3/17,1351.5
2020/3/18,1339.5
2020/3/19,1339
2020/3/20,1337
2020/3/23,1319
2020/3/24,1349.5
2020/3/25,1360.5
2020/3/26,1356
2020/3/27,1367
2020/3/30,1362.5
2020/3/31,1360.5
2020/4/1,1336
2020/4/2,1348
2020/4/3,1358
2020/4/7,1365
2020/4/8,1358
2020/4/9,1342.5
2020/4/10,1330
2020/4/13,1334.5
2020/4/14,1337.5
2020/4/15,1335
2020/4/16,1333
2020/4/17,1333.5
2020/4/20,1389
2020/4/21,1349
2020/4/22,1326
2020/4/23,1334.5
2020/4/24,1318.5
2020/4/27,1264
2020/4/28,1224
2020/4/29,1197
2020/4/30,1150
2020/5/6,1175
2020/5/7,1355
2020/5/8,1381.5
2020/5/11,1368
2020/5/12,1361
2020/5/13,1355
2020/5/14,1363.5
2020/5/15,1368
2020/5/18,1369
2020/5/19,1374
2020/5/20,1373
2020/5/21,1372
2020/5/22,1366.5
2020/5/25,1368.5
2020/5/26,1360.5
2020/5/27,1359.5
2020/5/28,1362.5
2020/5/29,1362.5
2020/6/1,1357
2020/6/2,1356
2020/6/3,1361.5
2020/6/4,1349.5
2020/6/5,1354
2020/6/8,1347.5
2020/6/9,1344.5
2020/6/10,1341
2020/6/11,1340
2020/6/12,1336
2020/6/15,1335.5
2020/6/16,1339
2020/6/17,1338.5
2020/6/18,1344
2020/6/19,1343
2020/6/22,1335
2020/6/23,1334
2020/6/24,1335
2020/6/29,1335.5
2020/6/30,1338.5
2020/7/1,1327.5
2020/7/2,1327.5
2020/7/3,1331.5
2020/7/6,1340.5
2020/7/7,1351
2020/7/8,1347
2020/7/9,1348
2020/7/10,1343.5
2020/7/13,1339.5
2020/7/14,1332
2020/7/15,1336
2020/7/16,1327.5
2020/7/17,1323
2020/7/20,1319
2020/7/21,1319
2020/7/22,1315.5
2020/7/23,1319
2020/7/24,1320
2020/7/27,1320
2020/7/28,1320
2020/7/29,1322.5
2020/7/30,1323.5
2020/7/31,1319.5
2020/8/3,1317
2020/8/4,1330
2020/8/5,1326
2020/8/6,1309.5
2020/8/7,1315
2020/8/10,1306
2020/8/11,1257.5
2020/8/12,1248
2020/8/13,1250.5
2020/8/14,1240.5
2020/8/17,1230
2020/8/18,1256.5
2020/8/19,1241.5
2020/8/20,1235
2020/8/21,1231.5
2020/8/24,1228
2020/8/25,1221
2020/8/26,1223
2020/8/27,1208
2020/8/28,1176.5
2020/8/31,1120
2020/9/1,1102
2020/9/2,1110
2020/9/4,1275
2020/9/7,1271
2020/9/8,1254
2020/9/9,1240
2020/9/10,1224
2020/9/11,1220
2020/9/14,1222
2020/9/15,1229.5
2020/9/16,1209
2020/9/17,1167.5
2020/9/18,1160.5
2020/9/21,1153
2020/9/22,1137
2020/9/23,1135
2020/9/24,1162
2020/9/25,1130.5
2020/9/28,1123
2020/9/29,1118
2020/9/30,1168
2020/10/2,1327.5
2020/10/9,1199
2020/10/12,1245
2020/10/13,1223
2020/10/14,1200
2020/10/15,1211
2020/10/16,1267.5
2020/10/19,1280.5
2020/10/20,1246
2020/10/21,1285
2020/10/22,1274
2020/10/23,1244
2020/10/26,1215
2020/10/27,1225
2020/10/28,1219.5
2020/10/29,1171
2020/10/30,1200
2020/11/2,1294
2020/11/3,1327
2020/11/4,1309.5
2020/11/5,1317.5
2020/11/6,1318
2020/11/9,1312.5
2020/11/10,1321
2020/11/11,1327
2020/11/12,1323
2020/11/13,1313.5
2020/11/16,1317.5
2020/11/17,1305
2020/11/18,1289.5
2020/11/19,1297
2020/11/20,1322.5
2020/11/23,1316
2020/11/24,1312
2020/11/25,1308.5
2020/11/26,1316
2020/11/27,1379.5
2020/11/30,1365
2020/12/1,1427
2020/12/2,1433
2020/12/3,1438
2020/12/4,1430
2020/12/7,1442.5
2020/12/8,1440
2020/12/9,1438.5
2020/12/10,1422.5
2020/12/11,1423.5
2020/12/14,1414
2020/12/15,1414.5
2020/12/16,1419.5
2020/12/17,1405
2020/12/18,1342
2020/12/21,1287
2020/12/22,1286
2020/12/23,1246
2020/12/24,1255.5
2020/12/25,1252.5
2020/12/28,1238.5
2020/12/29,1257
2020/12/30,1246
2020/12/31,1309
2021/1/4,1320.5
2021/1/5,1372.5
2021/1/6,1380
2021/1/7,1353
2021/1/8,1349.5
2021/1/11,1297
2021/1/12,1298
2021/1/13,1297
2021/1/14,1266
2021/1/15,1265
2021/1/18,1293
2021/1/19,1290
2021/1/20,1283.5
2021/1/21,1292
2021/1/22,1276
2021/1/25,1271.5
2021/1/26,1274
2021/1/27,1264
2021/1/28,1267
2021/1/29,1281
2021/2/1,1282
2021/2/2,1277.5
2021/2/3,1269.5
2021/2/4,1260.5
2021/2/5,1257
2021/2/8,1249.5
2021/2/9,1242
2021/2/10,1224
2021/2/18,1241.5
2021/2/19,1248.5
2021/2/22,1251
2021/2/23,1238
2021/2/24,1214.5
2021/2/25,1215.5
2021/2/26,1157.5
2021/3/1,1325
2021/3/2,1301
2021/3/3,1308
2021/3/4,1339.5
2021/3/5,1335.5
2021/3/8,1367
2021/3/9,1428.5
2021/3/10,1458
2021/3/11,1459.5
2021/3/12,1465
2021/3/15,1507
2021/3/16,1465
2021/3/17,1440.5
2021/3/18,1377.5
2021/3/19,1355
2021/3/22,1380.5
2021/3/23,1369
2021/3/24,1351
2021/3/25,1341
2021/3/26,1343
2021/3/29,1344.5
2021/3/30,1321.5
2021/3/31,1294.5
2021/4/1,1293.5
2021/4/2,1310
2021/4/6,1316.5
2021/4/7,1306.5
2021/4/8,1299.5
2021/4/9,1298.5
2021/4/12,1287.5
2021/4/13,1281.5
2021/4/14,1278
2021/4/15,1306.5
2021/4/16,1308.5
2021/4/19,1296.5
2021/4/20,1286.5
2021/4/21,1292.5
2021/4/22,1321
2021/4/23,1294
2021/4/26,1291
2021/4/27,1286.5
2021/4/28,1249
2021/4/29,1231.5
2021/4/30,1316.5
2021/5/3,1316.5
2021/5/6,1348
2021/5/7,1326
2021/5/10,1353
2021/5/11,1328
2021/5/12,1332.5
2021/5/13,1353.5
2021/5/14,1390
2021/5/17,1391
2021/5/18,1377.5
2021/5/19,1383
2021/5/20,1367.5
2021/5/21,1387
2021/5/24,1378.5
2021/5/25,1377.5
2021/5/26,1392.5
2021/5/27,1384
2021/5/28,1405.5
2021/5/31,1354
2021/6/1,1417
2021/6/2,1433.5
2021/6/3,1432.5
2021/6/4,1422.5
2021/6/7,1472
2021/6/8,1484
2021/6/9,1472
2021/6/10,1430.5
2021/6/11,1390.5
2021/6/15,1405
2021/6/16,1407
2021/6/17,1404
2021/6/18,1390
2021/6/21,1399.5
2021/6/22,1330.5
2021/6/23,1272
2021/6/24,1332.5
2021/6/25,1364
2021/6/28,1355.5
2021/6/29,1360.5
2021/6/30,1371
2021/7/1,1375
2021/7/2,1379.5
2021/7/5,1360
2021/7/6,1351
2021/7/7,1357
2021/7/8,1357
2021/7/9,1361.5
2021/7/12,1366
2021/7/13,1360.5
2021/7/14,1349
2021/7/15,1354
2021/7/16,1336
2021/7/19,1336
2021/7/20,1332
2021/7/21,1332
2021/7/22,1331
2021/7/23,1318.5
2021/7/26,1317.5
2021/7/27,1318
2021/7/28,1319.5
2021/7/29,1320.5
2021/7/30,1313.5
2021/8/2,1314.5
2021/8/3,1313
2021/8/4,1304
2021/8/5,1300
2021/8/6,1290
2021/8/9,1287.5
2021/8/10,1291
2021/8/11,1298
2021/8/12,1270
2021/8/13,1261.5
2021/8/16,1255.5
2021/8/17,1271
2021/8/18,1259
2021/8/19,1258
2021/8/20,1262.5
2021/8/23,1272
2021/8/24,1265.5
2021/8/25,1247.5
2021/8/26,1260.5
2021/8/27,1265
2021/8/30,1259
2021/8/31,1290.5
2021/9/1,1262
2021/9/2,1353
2021/9/3,1347
2021/9/6,1334
2021/9/7,1311.5
2021/9/8,1318
2021/9/9,1315
2021/9/10,1339
2021/9/13,1336.5
2021/9/14,1347
2021/9/15,1325
2021/9/16,1363
2021/9/17,1353.5
2021/9/22,1356.5
2021/9/23,1357
2021/9/24,1342
2021/9/27,1351.5
2021/9/28,1356
2021/9/29,1389
2021/9/30,1443.5
2021/10/1,1449
2021/10/8,1438.5
2021/10/11,1462
2021/10/12,1446
2021/10/13,1460
2021/10/14,1447
2021/10/15,1444
2021/10/18,1486.5
2021/10/19,1445
2021/10/20,1439
2021/10/21,1424.5
2021/10/22,1418
2021/10/25,1426.5
2021/10/26,1409.5
2021/10/27,1428
2021/10/28,1412.5
2021/10/29,1428
2021/11/1,1456
2021/11/2,1443
2021/11/3,1452.5
2021/11/4,1416.5
2021/11/5,1414.5
2021/11/8,1393.5
2021/11/9,1401
2021/11/10,1418
2021/11/11,1390
2021/11/12,1352
2021/11/15,1353
2021/11/16,1342.5
2021/11/17,1323
2021/11/18,1323.5
2021/11/19,1308.5
2021/11/22,1314.5
2021/11/23,1316.5
2021/11/24,1318
2021/11/25,1328.5
2021/11/26,1307.5
2021/11/29,1287.5
2021/11/30,1294.5
2021/12/1,1301.5
2021/12/2,1302.5
2021/12/3,1289.5
2021/12/6,1290
2021/12/7,1297
2021/12/8,1289
2021/12/9,1276
2021/12/10,1263.5
2021/12/13,1275
2021/12/14,1271.5
2021/12/15,1269.5
2021/12/16,1266
2021/12/17,1267.5
2021/12/20,1270
2021/12/21,1268
2021/12/22,1266.5
2021/12/23,1262
2021/12/24,1267.5
2021/12/27,1255.5
2021/12/28,1223.5
2021/12/29,1258
2021/12/30,1259.5
2021/12/31,1286.5
2022/1/4,1315
2022/1/5,1328
2022/1/6,1322.5
2022/1/7,1309
2022/1/10,1303.5
2022/1/11,1302
2022/1/12,1290.5
2022/1/13,1308.5
2022/1/14,1302.5
2022/1/17,1279
2022/1/18,1265.5
2022/1/19,1266.5
2022/1/20,1265
2022/1/21,1298
2022/1/24,1320
2022/1/25,1313
2022/1/26,1326
2022/1/27,1283
2022/1/28,1309
2022/2/7,1308
2022/2/8,1293.5
2022/2/9,1291
2022/2/10,1292.5
2022/2/11,1291.5
2022/2/14,1277.5
2022/2/15,1265.5
2022/2/16,1265.5
2022/2/17,1255
2022/2/18,1258
2022/2/21,1258.5
2022/2/22,1246.5
2022/2/23,1246
2022/2/24,1242.5
2022/2/25,1227.5
2022/2/28,1408.5
2022/3/1,1413.5
2022/3/2,1408
2022/3/3,1417
2022/3/4,1415.5
2022/3/7,1434.5
2022/3/8,1425
2022/3/9,1405.5
2022/3/10,1394
2022/3/11,1394
2022/3/14,1388
2022/3/15,1380
2022/3/16,1385
2022/3/17,1382
2022/3/18,1383.5
2022/3/21,1391.5
2022/3/22,1385
2022/3/23,1388.5
2022/3/24,1386
2022/3/25,1385
2022/3/28,1364.5
2022/3/29,1361
2022/3/30,1361
2022/3/31,1358
2022/4/1,1335
2022/4/4,1335
2022/4/6,1327
2022/4/7,1328
2022/4/8,1317
2022/4/11,1319
2022/4/12,1316
2022/4/13,1308.5
2022/4/14,1299.5
2022/4/15,1292
2022/4/18,1301
2022/4/19,1300.5
2022/4/20,1290.5
2022/4/21,1310
2022/4/22,1323
2022/4/25,1318
2022/4/26,1342
2022/4/27,1339.5
2022/4/28,1348
2022/4/29,1381
2022/5/5,1370
2022/5/6,1361.5
2022/5/9,1361
2022/5/10,1367
2022/5/11,1371.5
2022/5/12,1371.5
2022/5/13,1370
2022/5/16,1391.5
2022/5/17,1389
2022/5/18,1395.5
2022/5/19,1399.5
2022/5/20,1399.5
2022/5/23,1404
2022/5/24,1408
2022/5/25,1408
2022/5/26,1418.5
2022/5/27,1417.5
2022/5/30,1357
2022/5/31,1352
2022/6/1,1340
2022/6/2,1338.5
2022/6/6,1339.5
2022/6/7,1346.5
2022/6/8,1343
2022/6/9,1337
2022/6/10,1333
2022/6/13,1339.5
2022/6/14,1352
2022/6/15,1350.5
2022/6/16,1357
2022/6/17,1370
2022/6/20,1370
2022/6/21,1386
2022/6/22,1389
2022/6/23,1395.5
2022/6/24,1388.5
2022/6/27,1399.5
2022/6/28,1395
2022/6/29,1392
2022/6/30,1386
2022/7/1,1399.5
2022/7/4,1408
2022/7/5,1413
2022/7/6,1402
2022/7/7,1403.5
2022/7/8,1390
2022/7/11,1390
2022/7/12,1388
2022/7/13,1402
2022/7/14,1397.5
2022/7/15,1392
2022/7/18,1397
2022/7/19,1395
2022/7/20,1396
2022/7/21,1397
2022/7/22,1399
2022/7/25,1400
2022/7/26,1350.5
2022/7/27,1356
2022/7/28,1350.5
2022/7/29,1348.5
2022/8/1,1348
2022/8/2,1339
2022/8/3,1372
2022/8/4,1369
2022/8/5,1376.5
2022/8/8,1379.5
2022/8/9,1377
2022/8/10,1380
2022/8/11,1380
2022/8/12,1379.5
2022/8/15,1380.5
2022/8/16,1380.5
2022/8/17,1377.5
2022/8/18,1378.5
2022/8/19,1377
2022/8/22,1378.5
2022/8/23,1382.5
2022/8/24,1353
2022/8/25,1351
2022/8/26,1352.5
2022/8/29,1350
2022/8/30,1339.5
2022/8/31,1332
2022/9/1,1330
2022/9/2,1326
2022/9/5,1327.5
2022/9/6,1277
2022/9/7,1268
2022/9/8,1272
2022/9/9,1273.5
2022/9/13,1272
2022/9/14,1264.5
2022/9/15,1270
2022/9/16,1258
2022/9/19,1256.5
2022/9/20,1261.5
2022/9/21,1264
2022/9/22,1265
2022/9/23,1262.5
2022/9/26,1260
2022/9/27,1265
2022/9/28,1267
2022/9/29,1241
2022/9/30,1288.5
2022/10/10,1281
2022/10/11,1267
2022/10/12,1258
2022/10/13,1257.5
2022/10/14,1254
2022/10/17,1257.5
2022/10/18,1252.5
2022/10/19,1255
2022/10/20,1256.5
2022/10/21,1245
2022/10/24,1247.5
2022/10/25,1249.5
2022/10/26,1247.5
2022/10/27,1243
2022/10/28,1237
2022/10/31,1232
2022/11/1,1233.5
2022/11/2,1233.5
2022/11/3,1233.5
2022/11/4,1236.5
2022/11/7,1239.5
2022/11/8,1236
2022/11/9,1235.5
2022/11/10,1234
2022/11/11,1240.5
2022/11/14,1238.5
2022/11/15,1241
2022/11/16,1242.5
2022/11/17,1233
2022/11/18,1238
2022/11/21,1236.5
2022/11/22,1238
2022/11/23,1240
2022/11/24,1233.5
2022/11/25,1235.5
2022/11/28,1232
2022/11/29,1239.5
2022/11/30,1238.5
2022/12/1,1234.5
2022/12/2,1233
2022/12/5,1237
2022/12/6,1234
2022/12/7,1223
2022/12/8,1214
2022/12/9,1215
2022/12/12,1221.5
2022/12/13,1222.5
2022/12/14,1222
2022/12/15,1209
2022/12/16,1198.5
2022/12/19,1194
2022/12/20,1191.5
2022/12/21,1189.5
2022/12/22,1185
2022/12/23,1179.5
2022/12/26,1189
2022/12/27,1184.5
2022/12/28,1185
2022/12/29,1183
2022/12/30,1241
2023/1/3,1255
2023/1/4,1259
2023/1/5,1252
2023/1/6,1256
2023/1/9,1268.5
2023/1/10,1263.5
2023/1/11,1268.5
2023/1/12,1271
2023/1/13,1268
2023/1/16,1265.5
2023/1/17,1271
2023/1/18,1272.5
2023/1/19,1275
2023/1/20,1293.5
2023/1/30,1290.5
2023/1/31,1289
2023/2/1,1296
2023/2/2,1287.5
2023/2/3,1286
2023/2/6,1285
2023/2/7,1291
2023/2/8,1283
2023/2/9,1270
2023/2/10,1263
2023/2/13,1267
2023/2/14,1286
2023/2/15,1282
2023/2/16,1284
2023/2/17,1287.5
2023/2/20,1289
2023/2/21,1279.5
2023/2/22,1254
2023/2/23,1255
2023/2/24,1256.5
2023/2/27,1249
2023/2/28,1251
2023/3/1,1248.5
2023/3/2,1248
2023/3/3,1248.5
2023/3/6,1249.5
2023/3/7,1246.5
2023/3/8,1236
2023/3/9,1239.5
2023/3/10,1232.5
2023/3/13,1233.5
2023/3/14,1228
2023/3/15,1231
2023/3/16,1222
2023/3/17,1219
2023/3/20,1214.5
2023/3/21,1208
2023/3/22,1219.5
2023/3/23,1215.5
2023/3/24,1205
2023/3/27,1201.5
2023/3/28,1203
2023/3/29,1207
2023/3/30,1215.5
2023/3/31,1198
2023/4/3,1206.5
2023/4/4,1206
2023/4/6,1203
2023/4/7,1203.5
2023/4/10,1204.5
2023/4/11,1207.5
2023/4/12,1203.5
2023/4/13,1196
2023/4/14,1186
2023/4/17,1189
2023/4/18,1195.5
2023/4/19,1192
2023/4/20,1180.5
2023/4/21,1168.5
2023/4/24,1157
2023/4/25,1152
2023/4/26,1164.5
2023/4/27,1145.5
2023/4/28,1269.5
2023/5/4,1278.5
2023/5/5,1291
2023/5/8,1276
2023/5/9,1259.5
2023/5/10,1278.5
2023/5/11,1271.5
2023/5/12,1271
2023/5/15,1261.5
2023/5/16,1244.5
2023/5/17,1232.5
2023/5/18,1236
2023/5/19,1235
2023/5/22,1234.5
2023/5/23,1241
2023/5/24,1243.5
2023/5/25,1250
2023/5/26,1253.5
2023/5/29,1241.5
2023/5/30,1249.5
2023/5/31,1240
2023/6/1,1257.5
2023/6/2,1268
2023/6/5,1266
2023/6/6,1261.5
2023/6/7,1259
2023/6/8,1258.5
2023/6/9,1261
2023/6/12,1263
2023/6/13,1249
2023/6/14,1254.5
2023/6/15,1252
2023/6/16,1248
2023/6/19,1242
2023/6/20,1242
2023/6/21,1244
2023/6/26,1238
2023/6/27,1237.5
2023/6/28,1239.5
2023/6/29,1241
2023/6/30,1241
2023/7/3,1234.5
2023/7/4,1227.5
2023/7/5,1218
2023/7/6,1212.5
2023/7/7,1215
2023/7/10,1212
2023/7/11,1215
2023/7/12,1219.5
2023/7/13,1223
2023/7/14,1218
2023/7/17,1204
2023/7/18,1209.5
2023/7/19,1209
2023/7/20,1209.5
2023/7/21,1205
2023/7/24,1207
2023/7/25,1216.5
2023/7/26,1211
2023/7/27,1213.5
2023/7/28,1208.5
2023/7/31,1219
2023/8/1,1212
2023/8/2,1227.5
2023/8/3,1208
2023/8/4,1217
2023/8/7,1210
2023/8/8,1206
2023/8/9,1206
2023/8/10,1184
2023/8/11,1181
2023/8/14,1173.5
2023/8/15,1179
2023/8/16,1166.5
2023/8/17,1162.5
2023/8/18,1164.5
2023/8/21,1164.5
2023/8/22,1165.5
2023/8/23,1170
2023/8/24,1172
2023/8/25,1163
2023/8/28,1151
2023/8/29,1151.5
2023/8/30,1156
2023/8/31,1130
2023/9/1,1286
2023/9/4,1307.5
2023/9/5,1316.5
2023/9/6,1302
2023/9/7,1304
2023/9/8,1312.5
2023/9/11,1311
2023/9/12,1295
2023/9/13,1280.5
2023/9/14,1305.5
2023/9/15,1310
2023/9/18,1340
2023/9/19,1329
2023/9/20,1318
2023/9/21,1321
2023/9/22,1340.5
2023/9/25,1323
2023/9/26,1298.5
2023/9/27,1327
2023/9/28,1334
2023/10/9,1315
2023/10/10,1313
2023/10/11,1316
2023/10/12,1318.5
2023/10/13,1326.5
2023/10/16,1330
2023/10/17,1327
2023/10/18,1350
2023/10/19,1353
2023/10/20,1331.5
2023/10/23,1318
2023/10/24,1317.5
2023/10/25,1324.5
2023/10/26,1326.5
2023/10/27,1329
2023/10/30,1335
2023/10/31,1325
2023/11/1,1321.5
2023/11/2,1318.5
2023/11/3,1323.5
2023/11/6,1324.5
2023/11/7,1326
2023/11/8,1307
2023/11/9,1324.5
2023/11/10,1323.5
2023/11/13,1323.5
2023/11/14,1329
2023/11/15,1331.5
2023/11/16,1342.5
2023/11/17,1335
2023/11/20,1332
2023/11/21,1343.5
2023/11/22,1337
2023/11/23,1341.5
2023/11/24,1334.5
2023/11/27,1334.5
2023/11/28,1335
2023/11/29,1332
2023/11/30,1337.5
2023/12/1,1326.5
2023/12/4,1326.5
2023/12/5,1341
2023/12/6,1340
2023/12/7,1337.5
2023/12/8,1338
2023/12/11,1340
2023/12/12,1336
2023/12/13,1340.5
2023/12/14,1338
2023/12/15,1339.5
2023/12/18,1298
2023/12/19,1269
2023/12/20,1266.5
2023/12/21,1266.5
2023/12/22,1270.5
2023/12/25,1231.5
2023/12/26,1234.5
2023/12/27,1236
2023/12/28,1232
2023/12/29,1176
2024/1/2,1173
2024/1/3,1190
2024/1/4,1229
2024/1/5,1270
2024/1/8,1246.5
2024/1/9,1310.5
2024/1/10,1404
2024/1/11,1388.5
2024/1/12,1334.5
2024/1/15,1334.5
2024/1/16,1301.5
2024/1/17,1284
2024/1/18,1265.5
2024/1/19,1261
2024/1/22,1251.5
2024/1/23,1252
2024/1/24,1260
2024/1/25,1253
2024/1/26,1227.5
2024/1/29,1221.5
2024/1/30,1213
2024/1/31,1179
2024/2/1,1233
2024/2/2,1221.5
2024/2/5,1218
2024/2/6,1213.5
2024/2/7,1193.5
2024/2/8,1203
2024/2/19,1243.5
2024/2/20,1233.5
2024/2/21,1227
2024/2/22,1226
2024/2/23,1201.5
2024/2/26,1198
2024/2/27,1194.5
2024/2/28,1193.5
2024/2/29,1258
2024/3/1,1256
2024/3/4,1266
2024/3/5,1268
2024/3/6,1265
2024/3/7,1260.5
2024/3/8,1265.5
2024/3/11,1272
2024/3/12,1268
2024/3/13,1251
2024/3/14,1245.5
2024/3/15,1245
2024/3/18,1241
2024/3/19,1249
2024/3/20,1238.5
2024/3/21,1235
2024/3/22,1229
2024/3/25,1230
2024/3/26,1233.5
2024/3/27,1228
2024/3/28,1293.5
2024/3/29,1281.5
2024/4/1,1273
2024/4/2,1260.5
2024/4/3,1269
2024/4/8,1271
2024/4/9,1271
2024/4/10,1265
2024/4/11,1263.5
2024/4/12,1259
2024/4/15,1260.5
2024/4/16,1247
2024/4/17,1255.5
2024/4/18,1268
2024/4/19,1270
2024/4/22,1266
2024/4/23,1278
2024/4/24,1296.5
2024/4/25,1299
2024/4/26,1318
2024/4/29,1343
2024/4/30,1326
2024/5/6,1338.5
2024/5/7,1331.5
2024/5/8,1333.5
2024/5/9,1325.5
2024/5/10,1317
2024/5/13,1326.5
2024/5/14,1332.5
2024/5/15,1330
2024/5/16,1337
2024/5/17,1344
2024/5/20,1349.5
2024/5/21,1344.5
2024/5/22,1351.5
2024/5/23,1386.5
2024/5/24,1357.5
2024/5/27,1351.5
2024/5/28,1356
2024/5/29,1364
2024/5/30,1359.5
2024/5/31,1352
2024/6/3,1344.5
2024/6/4,1351
2024/6/5,1347.5
2024/6/6,1344
2024/6/7,1342.5
2024/6/11,1343.5
2024/6/12,1354
2024/6/13,1346
2024/6/14,1353
2024/6/17,1347.5
2024/6/18,1350.5
2024/6/19,1351
2024/6/20,1353
2024/6/21,1339.5
2024/6/24,1334.5
2024/6/25,1329
2024/6/26,1333.5
2024/6/27,1334
2024/6/28,1332
